{"payload":{"installed_packages":["attrs==23.1.0","certifi==2023.7.22","charset-normalizer==3.3.0","colorama==0.4.6","comet-ml==3.34.1","configobj==5.0.8","contourpy==1.1.1","cycler==0.12.1","dulwich==0.21.6","everett==3.1.0","filelock==3.12.4","fonttools==4.43.1","fsspec==2023.10.0","gitdb==4.0.11","gitpython==3.1.40","idna==3.4","importlib-resources==6.1.0","jinja2==3.1.2","jsonschema-specifications==2023.7.1","jsonschema==4.19.1","kiwisolver==1.4.5","markdown-it-py==3.0.0","markupsafe==2.1.3","matplotlib==3.8.0","mdurl==0.1.2","mpmath==1.3.0","networkx==3.2","numpy==1.26.1","opencv-python==4.8.1.78","packaging==23.2","pandas==2.1.1","pillow==10.1.0","pip==23.3","psutil==5.9.6","py-cpuinfo==9.0.0","pygments==2.16.1","pyparsing==3.1.1","python-box==6.1.0","python-dateutil==2.8.2","pytz==2023.3.post1","pyyaml==6.0.1","referencing==0.30.2","requests-toolbelt==1.0.0","requests==2.31.0","rich==13.6.0","rpds-py==0.10.6","scipy==1.11.3","seaborn==0.13.0","semantic-version==2.10.0","sentry-sdk==1.32.0","setuptools==68.0.0","simplejson==3.19.2","six==1.16.0","smmap==5.0.1","sympy==1.12","thop==0.1.1.post2209072238","torch==2.1.0","torchvision==0.16.0","tqdm==4.66.1","typing-extensions==4.8.0","tzdata==2023.3","ultralytics==8.0.200","urllib3==2.0.7","websocket-client==1.3.3","wheel==0.41.2","wrapt==1.15.0","wurlitzer==3.0.3","zipp==3.17.0"],"local_timestamp":1697958670273},"type":"ws_msg"}
{"payload":{"env_details":{"command":["train.py","--cfg","models/yolov5s.yaml","--data","data/train.yaml","--weights","yolov5s.pt","--epoch","1","--batch-size","32"],"env":null,"hostname":"unreal-edge","ip":"192.168.3.92","machine":"AMD64","os":"Windows-10-10.0.19045-SP0","os_release":"10","os_type":"Windows","pid":36376,"processor":"AMD64 Family 25 Model 80 Stepping 0, AuthenticAMD","python_exe":"D:\\miniconda\\envs\\yolov5\\python.exe","python_version":"3.9.18","python_version_verbose":"3.9.18 (main, Sep 11 2023, 14:09:26) [MSC v.1916 64 bit (AMD64)]","user":"unreal_num border"},"local_timestamp":1697958670285},"type":"ws_msg"}
{"payload":{"local_timestamp":1697958670503,"metric":{"epoch":null,"metricName":"sys.cpu.percent.avg","metricValue":0.0,"step":null}},"type":"metric_msg"}
{"payload":{"local_timestamp":1697958670503,"metric":{"epoch":null,"metricName":"sys.load.avg","metricValue":0.0,"step":null}},"type":"metric_msg"}
{"payload":{"local_timestamp":1697958670503,"metric":{"epoch":null,"metricName":"sys.ram.total","metricValue":16442781696,"step":null}},"type":"metric_msg"}
{"payload":{"local_timestamp":1697958670503,"metric":{"epoch":null,"metricName":"sys.ram.used","metricValue":12442521600,"step":null}},"type":"metric_msg"}
{"payload":{"local_timestamp":1697958670504,"param":{"paramName":"cfg","paramValue":"models/yolov5s.yaml","source":"cli","step":null}},"type":"parameter_msg"}
{"payload":{"local_timestamp":1697958670504,"param":{"paramName":"data","paramValue":"data/train.yaml","source":"cli","step":null}},"type":"parameter_msg"}
{"payload":{"local_timestamp":1697958670504,"param":{"paramName":"weights","paramValue":"yolov5s.pt","source":"cli","step":null}},"type":"parameter_msg"}
{"payload":{"local_timestamp":1697958670504,"param":{"paramName":"epoch","paramValue":1,"source":"cli","step":null}},"type":"parameter_msg"}
{"payload":{"local_timestamp":1697958670504,"param":{"paramName":"batch-size","paramValue":32,"source":"cli","step":null}},"type":"parameter_msg"}
{"payload":{"local_timestamp":1697958670504,"log_other":{"key":"offline_experiment","val":true}},"type":"ws_msg"}
{"payload":{"local_timestamp":1697958670504,"log_other":{"key":"Name","val":"exp"}},"type":"ws_msg"}
{"payload":{"local_timestamp":1697958670510,"stderr":true,"stdout":"Traceback (most recent call last):\n"},"type":"ws_msg"}
{"payload":{"local_timestamp":1697958670511,"stderr":true,"stdout":"  File \"C:\\Users\\unreal_num border\\Desktop\\yolov5\\train.py\", line 647, in <module>\n"},"type":"ws_msg"}
{"payload":{"local_timestamp":1697958670513,"stderr":true,"stdout":"    "},"type":"ws_msg"}
{"payload":{"local_timestamp":1697958670513,"stderr":true,"stdout":"main(opt)"},"type":"ws_msg"}
{"payload":{"local_timestamp":1697958670513,"stderr":true,"stdout":"\n"},"type":"ws_msg"}
{"payload":{"local_timestamp":1697958670514,"stderr":true,"stdout":"  File \"C:\\Users\\unreal_num border\\Desktop\\yolov5\\train.py\", line 536, in main\n"},"type":"ws_msg"}
{"payload":{"local_timestamp":1697958670514,"stderr":true,"stdout":"    "},"type":"ws_msg"}
{"payload":{"local_timestamp":1697958670514,"stderr":true,"stdout":"train(opt.hyp, opt, device, callbacks)"},"type":"ws_msg"}
{"payload":{"local_timestamp":1697958670514,"stderr":true,"stdout":"\n"},"type":"ws_msg"}
{"payload":{"local_timestamp":1697958670515,"stderr":true,"stdout":"  File \"C:\\Users\\unreal_num border\\Desktop\\yolov5\\train.py\", line 101, in train\n"},"type":"ws_msg"}
{"payload":{"local_timestamp":1697958670516,"stderr":true,"stdout":"    "},"type":"ws_msg"}
{"payload":{"local_timestamp":1697958670516,"stderr":true,"stdout":"loggers = Loggers(save_dir, weights, opt, hyp, LOGGER)  # loggers instance"},"type":"ws_msg"}
{"payload":{"local_timestamp":1697958670516,"stderr":true,"stdout":"\n"},"type":"ws_msg"}
{"payload":{"local_timestamp":1697958670516,"stderr":true,"stdout":"  File \"C:\\Users\\unreal_num border\\Desktop\\yolov5\\utils\\loggers\\__init__.py\", line 129, in __init__\n"},"type":"ws_msg"}
{"payload":{"local_timestamp":1697958670516,"stderr":true,"stdout":"    "},"type":"ws_msg"}
{"payload":{"local_timestamp":1697958670516,"stderr":true,"stdout":"self.comet_logger = CometLogger(self.opt, self.hyp)"},"type":"ws_msg"}
{"payload":{"local_timestamp":1697958670518,"stderr":true,"stdout":"\n"},"type":"ws_msg"}
{"payload":{"local_timestamp":1697958670518,"stderr":true,"stdout":"  File \"C:\\Users\\unreal_num border\\Desktop\\yolov5\\utils\\loggers\\comet\\__init__.py\", line 98, in __init__\n"},"type":"ws_msg"}
{"payload":{"local_timestamp":1697958670518,"stderr":true,"stdout":"    "},"type":"ws_msg"}
{"payload":{"local_timestamp":1697958670518,"stderr":true,"stdout":"self.data_dict = self.check_dataset(self.opt.data)"},"type":"ws_msg"}
{"payload":{"local_timestamp":1697958670519,"stderr":true,"stdout":"\n"},"type":"ws_msg"}
{"payload":{"local_timestamp":1697958670520,"stderr":true,"stdout":"  File \"C:\\Users\\unreal_num border\\Desktop\\yolov5\\utils\\loggers\\comet\\__init__.py\", line 233, in check_dataset\n"},"type":"ws_msg"}
{"payload":{"local_timestamp":1697958670520,"stderr":true,"stdout":"    "},"type":"ws_msg"}
{"payload":{"local_timestamp":1697958670520,"stderr":true,"stdout":"data_config = yaml.safe_load(f)"},"type":"ws_msg"}
{"payload":{"local_timestamp":1697958670520,"stderr":true,"stdout":"\n"},"type":"ws_msg"}
{"payload":{"local_timestamp":1697958670521,"stderr":true,"stdout":"  File \"D:\\miniconda\\envs\\yolov5\\lib\\site-packages\\yaml\\__init__.py\", line 125, in safe_load\n"},"type":"ws_msg"}
{"payload":{"local_timestamp":1697958670521,"stderr":true,"stdout":"    "},"type":"ws_msg"}
{"payload":{"local_timestamp":1697958670521,"stderr":true,"stdout":"return load(stream, SafeLoader)"},"type":"ws_msg"}
{"payload":{"local_timestamp":1697958670521,"stderr":true,"stdout":"\n"},"type":"ws_msg"}
{"payload":{"local_timestamp":1697958670522,"stderr":true,"stdout":"  File \"D:\\miniconda\\envs\\yolov5\\lib\\site-packages\\yaml\\__init__.py\", line 79, in load\n"},"type":"ws_msg"}
{"payload":{"local_timestamp":1697958670522,"stderr":true,"stdout":"    "},"type":"ws_msg"}
{"payload":{"local_timestamp":1697958670522,"stderr":true,"stdout":"loader = Loader(stream)"},"type":"ws_msg"}
{"payload":{"local_timestamp":1697958670522,"stderr":true,"stdout":"\n"},"type":"ws_msg"}
{"payload":{"local_timestamp":1697958670522,"stderr":true,"stdout":"  File \"D:\\miniconda\\envs\\yolov5\\lib\\site-packages\\yaml\\loader.py\", line 34, in __init__\n"},"type":"ws_msg"}
{"payload":{"local_timestamp":1697958670523,"stderr":true,"stdout":"    "},"type":"ws_msg"}
{"payload":{"local_timestamp":1697958670523,"stderr":true,"stdout":"Reader.__init__(self, stream)"},"type":"ws_msg"}
{"payload":{"local_timestamp":1697958670525,"stderr":true,"stdout":"\n"},"type":"ws_msg"}
{"payload":{"local_timestamp":1697958670525,"stderr":true,"stdout":"  File \"D:\\miniconda\\envs\\yolov5\\lib\\site-packages\\yaml\\reader.py\", line 85, in __init__\n"},"type":"ws_msg"}
{"payload":{"local_timestamp":1697958670525,"stderr":true,"stdout":"    "},"type":"ws_msg"}
{"payload":{"local_timestamp":1697958670525,"stderr":true,"stdout":"self.determine_encoding()"},"type":"ws_msg"}
{"payload":{"local_timestamp":1697958670526,"stderr":true,"stdout":"\n"},"type":"ws_msg"}
{"payload":{"local_timestamp":1697958670526,"stderr":true,"stdout":"  File \"D:\\miniconda\\envs\\yolov5\\lib\\site-packages\\yaml\\reader.py\", line 124, in determine_encoding\n"},"type":"ws_msg"}
{"payload":{"local_timestamp":1697958670526,"stderr":true,"stdout":"    "},"type":"ws_msg"}
{"payload":{"local_timestamp":1697958670526,"stderr":true,"stdout":"self.update_raw()"},"type":"ws_msg"}
{"payload":{"local_timestamp":1697958670527,"stderr":true,"stdout":"\n"},"type":"ws_msg"}
{"payload":{"local_timestamp":1697958670527,"stderr":true,"stdout":"  File \"D:\\miniconda\\envs\\yolov5\\lib\\site-packages\\yaml\\reader.py\", line 178, in update_raw\n"},"type":"ws_msg"}
{"payload":{"local_timestamp":1697958670527,"stderr":true,"stdout":"    "},"type":"ws_msg"}
{"payload":{"local_timestamp":1697958670527,"stderr":true,"stdout":"data = self.stream.read(size)"},"type":"ws_msg"}
{"payload":{"local_timestamp":1697958670527,"stderr":true,"stdout":"\n"},"type":"ws_msg"}
{"payload":{"local_timestamp":1697958670527,"stderr":true,"stdout":"UnicodeDecodeError"},"type":"ws_msg"}
{"payload":{"local_timestamp":1697958670527,"stderr":true,"stdout":": "},"type":"ws_msg"}
{"payload":{"local_timestamp":1697958670528,"stderr":true,"stdout":"'gbk' codec can't decode byte 0x80 in position 190: illegal multibyte sequence"},"type":"ws_msg"}
{"payload":{"local_timestamp":1697958670528,"stderr":true,"stdout":"\n"},"type":"ws_msg"}
{"payload":{"git_meta":{"branch":"refs/heads/master","origin":"https://github.com/ultralytics/yolov5","parent":"4d687c8c56e3ee4e6851e48c1c5089c731ef0fcd","repo_name":"yolov5","root":"1e84a23f38fad9e52b59101e9f1246d93066ed1e","status":null,"user":"Jiayi Lan"},"local_timestamp":1697958670790},"type":"ws_msg"}
{"payload":{"additional_params":{"assetId":"ced1338dd1c246f79b786c946ae6dbb1","context":null,"epoch":null,"extension":"yml","fileName":"conda-environment.yml","overwrite":false,"runId":null,"step":null,"type":"conda-environment-definition"},"clean":true,"file_path":"tmpd2pevtla","local_timestamp":1697958674115,"metadata":{},"upload_type":"conda-environment-definition"},"type":"file_upload"}
{"payload":{"additional_params":{"assetId":"5510c17a68174fe3bddb5dbdd8bb8192","context":null,"epoch":null,"extension":"txt","fileName":"conda-spec.txt","overwrite":false,"runId":null,"step":null,"type":"conda-specification"},"clean":true,"file_path":"tmpv56k3913","local_timestamp":1697958674764,"metadata":{},"upload_type":"conda-specification"},"type":"file_upload"}
{"payload":{"additional_params":{"assetId":"9d9fa24ac1c341ce8e0810c4937422bd","context":null,"epoch":null,"extension":"yml","fileName":"conda-info.yml","overwrite":false,"runId":null,"step":null,"type":"conda-info"},"clean":true,"file_path":"tmpm6zb2g6l","local_timestamp":1697958675841,"metadata":{},"upload_type":"conda-info"},"type":"file_upload"}
{"payload":{"local_timestamp":1697958675842,"stderr":true,"stdout":"COMET INFO: ---------------------------------------------------------------------------------------\n"},"type":"ws_msg"}
{"payload":{"local_timestamp":1697958675842,"stderr":true,"stdout":"COMET INFO: Comet.ml OfflineExperiment Summary\n"},"type":"ws_msg"}
{"payload":{"local_timestamp":1697958675843,"stderr":true,"stdout":"COMET INFO: ---------------------------------------------------------------------------------------\n"},"type":"ws_msg"}
{"payload":{"local_timestamp":1697958675843,"stderr":true,"stdout":"COMET INFO:   Data:\n"},"type":"ws_msg"}
{"payload":{"local_timestamp":1697958675843,"stderr":true,"stdout":"COMET INFO:     display_summary_level : 1\n"},"type":"ws_msg"}
{"payload":{"local_timestamp":1697958675845,"stderr":true,"stdout":"COMET INFO:     url                   : [OfflineExperiment will get URL after upload]\n"},"type":"ws_msg"}
{"payload":{"local_timestamp":1697958675845,"stderr":true,"stdout":"COMET INFO:   Others:\n"},"type":"ws_msg"}
{"payload":{"local_timestamp":1697958675846,"stderr":true,"stdout":"COMET INFO:     Name               : exp\n"},"type":"ws_msg"}
{"payload":{"local_timestamp":1697958675847,"stderr":true,"stdout":"COMET INFO:     offline_experiment : True\n"},"type":"ws_msg"}
{"payload":{"local_timestamp":1697958675847,"stderr":true,"stdout":"COMET INFO:   Uploads:\n"},"type":"ws_msg"}
{"payload":{"local_timestamp":1697958675848,"stderr":true,"stdout":"COMET INFO:     conda-environment-definition : 1\n"},"type":"ws_msg"}
{"payload":{"local_timestamp":1697958675848,"stderr":true,"stdout":"COMET INFO:     conda-info                   : 1\n"},"type":"ws_msg"}
{"payload":{"local_timestamp":1697958675849,"stderr":true,"stdout":"COMET INFO:     conda-specification          : 1\n"},"type":"ws_msg"}
{"payload":{"local_timestamp":1697958675849,"stderr":true,"stdout":"COMET INFO:     environment details          : 1\n"},"type":"ws_msg"}
{"payload":{"local_timestamp":1697958675850,"stderr":true,"stdout":"COMET INFO:     git metadata                 : 1\n"},"type":"ws_msg"}
{"payload":{"local_timestamp":1697958675850,"stderr":true,"stdout":"COMET INFO:     installed packages           : 1\n"},"type":"ws_msg"}
{"payload":{"local_timestamp":1697958675851,"stderr":true,"stdout":"COMET INFO: \n"},"type":"ws_msg"}
