{"offline_id": "104fcb77718142089a1a87838df5b48c", "project_name": "yolov5", "start_time": 1697958575155, "stop_time": 1697958583742, "tags": [], "workspace": null, "resume_strategy": "create", "customer_error_reported": true, "customer_error_message": "Unexpected error detected in the user script: UnicodeDecodeError('gbk', b\"# YOLOv5 \\xf0\\x9f\\x9a\\x80 by Ultralytics, AGPL-3.0 license\\r\\n# COCO128 dataset https://www.kaggle.com/ultralytics/coco128 (first 128 images from COCO train2017) by Ultralytics\\r\\n# Example usage: python train.py --data coco128.yaml\\r\\n# parent\\r\\n# \\xe2\\x94\\x9c\\xe2\\x94\\x80\\xe2\\x94\\x80 yolov5\\r\\n# \\xe2\\x94\\x94\\xe2\\x94\\x80\\xe2\\x94\\x80 datasets\\r\\n#     \\xe2\\x94\\x94\\xe2\\x94\\x80\\xe2\\x94\\x80 coco128  \\xe2\\x86\\x90 downloads here (7 MB)\\r\\n\\r\\n\\r\\n# Train/val/test sets as 1) dir: path/to/imgs, 2) file: path/to/imgs.txt, or 3) list: [path/to/imgs1, path/to/imgs2, ..]\\r\\npath: C:\\\\Users\\\\unreal_num border\\\\Desktop\\\\yolov5\\\\dataset  # dataset root dir\\r\\ntrain: images/train  # train images (relative to 'path') 128 images\\r\\nval: images/val  # val images (relative to 'path') 128 images\\r\\ntest:  # test images (optional)\\r\\n\\r\\n# Classes\\r\\nnames:\\r\\n  0: cow\\r\\n  1: flower\\r\\n  2: ship\\r\\n\\r\\n\\r\\n\\r\\n# Download script/URL (optional)\\r\\n# download: https://ultralytics.com/assets/coco128.zip\\r\\n\", 238, 239, 'illegal multibyte sequence')"}